mean_reward,std_reward
393.8,90.66730391932916
379.4,96.39730286683336
