mean_reward,std_reward
434.4,88.79436
405.4,105.2313641458667
430.6,80.61042116252712
361.6,116.01568859425868
351.2,109.02550160398253
